Preferred society name,Society id,ISO code
!Kung,Aa1,ktz
Herero,Ab1,her
Duruma,Ad31,dug
Giriama,Ad32,nyf
Pokomo,Ad33,pkb
Copper Inuit,Na3,
Iglulik Inuit,Na22,ikt
Nabesna,Na1,tau
Chugach,Na10,ems
Sivokakmeit,Na11,
Nunamiut,Na12,
Kamba,Ad34,kam
Baffin Island Inuit,Na13,
Inughuit (Northern Greenland),Na14,
Tlicho,Na15,dgr
DÌ©l€øne,Na16,scs
DeneTha,Na17,xsl
Dakelh,Na19,crx
Tareumiut,Na2,
Kutchin,Na20,gwi
Caribou Inuit,Na21,
Labrador Inuit,Na23,
Meru,Ad35,mer
Tasiilaq,Na24,
Kalaallit (West Greenland),Na25,
Dena'ina,Na26,tfn
Tahltan,Na27,tht
Sekani,Na28,sek
Beaver,Na29,bea
Dene,Na30,chp
Eastern Cree,Na31,crj
Montagnais,Na32,moe
Northern Saulteaux,Na33,
Pare,Ad36,asa
Pekangekum,Na34,
Nipigon,Na35,ojc
Minnesota Ojibwa,Na36,
Rainy River Ojibwe,Na37,
Katikitegon,Na38,
Eastern Ojibwa,Na39,ojg
Kaska,Na4,kkz
Ottawa,Na40,otw
Mi'kmaq,Na41,mic
Potawatomi,Na42,pot
Teita,Ad37,dav
Netsilik,Na43,
Taqagmiut,Na44,
Mistissini Cree,Na45,crj
Naskapi,Na5,nsk
Nunivak,Na6,
Attawapiskat Cree,Na7,csw
Deg Xit'an,Na8,ing
Aleut,Na9,
Haida,Nb1,hdn
Alkatcho,Nb10,caf
Kara,Ad38,reg
Nootka,Nb11,nuk
Klahoose,Nb12,
Squamish,Nb13,squ
Comox,Nb14,
Lummi,Nb15,
Klallam,Nb16,clm
Puyallup,Nb17,slh
Quileute,Nb18,qui
Lower Chinook,Nb19,chh
Twana,Nb2,twa
Sonjo,Ad39,soz
Tillamook,Nb20,til
Coos,Nb21,csz
Tlingit,Nb22,tli
Heiltsuk,Nb23,
Makah,Nb24,myh
Quinault,Nb25,qun
Cowichan,Nb26,
StÌ_:lÅç,Nb27,
Alsea,Nb28,aes
Siuslaw,Nb29,sis
Kikuyu,Ad4,kik
Kwakiutl,Nb3,kwk
Takelma,Nb30,tkm
Tututni,Nb31,tuu
Shasta,Nb32,sht
Chimariko,Nb33,cid
Karuk,Nb34,kyh
Hupa,Nb35,hup
Wiyot,Nb36,wiy
Lassik,Nb37,wlk
Mattole-Bear River,Nb38,mvb
Pondo,Ab10,
Tiriki,Ad40,ida
Sinkyone,Nb39,wlk
Yurok,Nb4,yur
Eyak,Nb5,eya
Tolowa,Nb6,tol
Tsimshian,Nb7,tsi
Haisla,Nb8,has
Nuxalk,Nb9,blc
Nomlaki,Nc1,wit
Achumawi,Nc10,acv
Yana,Nc11,ynn
Vugusu,Ad41,bxk
Maidu,Nc12,nmu
Nisenan,Nc13,nsz
Wintu,Nc14,wit
Coast Yuki,Nc15,yuk
Huchnom,Nc16,yuk
Northern Pomo,Nc17,pej
Eastern Pomo,Nc18,peb
Southern Pomo,Nc19,peq
TÌ_balulabal,Nc2,tub
Wappo,Nc20,wao
Haya,Ad42,hay
Lake Miwok,Nc21,lmw
Patwin,Nc22,pwi
Western Mono,Nc23,mnr
Southern Valley Yokuts,Nc24,
Wukchumni,Nc25,
Salinan,Nc26,sln
Kawaiisu,Nc27,xaw
Chumash,Nc28,crz
Tongva,Nc29,
Northern Foothill Yokuts,Nc3,
Kerewe,Ad43,ked
Serrano,Nc30,ser
Cahuilla (Desert),Nc31,chl
CupeÌ±o,Nc32,cup
LuiseÌ±o,Nc33,lui
Kiliwa,Nc34,klb
Atsugewi,Nc4,atw
Central Sierra Miwok,Nc5,csm
Kumeyaay,Nc6,
Yuki,Nc7,yuk
Klamath,Nc8,kla
Konjo,Ad44,koo
Modoc,Nc9,kla
Tenino,Nd1,tqn
Nlaka'pamux,Nd10,thp
Shuswap,Nd11,shs
Bitterroot Salish,Nd12,
Kalispel,Nd13,
Coeur d‰ÛªAlene,Nd14,crd
Sinkaitk,Nd15,
Wenatchi,Nd16,
Klikitat,Nd17,
Nyankole,Ad45,nyn
Wishram,Nd18,wac
Umatilla,Nd19,uma
Southern Ute,Nd2,
Nez Perce,Nd20,nez
Tagotoka,Nd21,
Wadadokado,Nd22,
Atsakudokwa,Nd23,
Kidutokado,Nd24,
Sawakudokwa,Nd25,
Soga,Ad46,xog
Kuyuidokado,Nd27,
Toedokado,Nd28,
Tunava (Deep Springs and Fish Lake),Nd29,mnr
Havasupai,Nd3,
Eastern Mono,Nd30,mnr
Koso,Nd31,par
TÌ_mpisa Shoshone (Saline and Panamint),Nd32,par
Beatty,Nd33,par
Lida Shoshoni,Nd34,
Mahaguaduka,Nd35,
Sumbwa,Ad47,suw
Wiyambituka,Nd36,
Railroad Valley Shoshoni,Nd37,
Ely Shoshoni,Nd38,
Sanpoil,Nd4,
Tubaduka,Nd40,
Wadaduka,Nd41,
Elko Shoshoni,Nd42,
White Knife Shoshoni,Nd43,
Yahanduka,Nd44,
Toro,Ad48,ttj
Bohogue,Nd45,
Tukudika,Nd47,
Agaiduka,Nd46,
Gosiute,Nd48,
Antarianunts,Nd49,
Hukundika,Nd5,
Panguitch,Nd50,
Moapa,Nd51,
Shivwits,Nd52,
Southern Paiute (Kaibab),Nd53,
Southern Paiute (Las Vegas),Nd55,
Zinza,Ad49,zin
Chemehuevi,Nd54,
San Juan,Nd56,
Pahvant,Nd57,
Uintah Ute,Nd58,
Moanunts,Nd59,
Washo,Nd6,was
Moache,Nd60,
Taviwatsiu,Nd61,
Uncompahgre Ute,Nd62,
Xhosa,Ab11,
Mbugwe,Ad5,mgz
Bannock,Nd63,
Wind River Eastern Shoshone,Nd64,
Hualapai,Nd65,
Yavapai,Nd66,
Tolkepaya,Nd67,
Kutenai,Nd7,kut
Chilcotin,Nd8,clc
Lillooet,Nd9,lil
Gros Ventre,Ne1,ats
Arikara,Ne10,ari
Kaguru,Ad50,kki
Assiniboine,Ne11,asb
Blackfoot,Ne12,
Kainai,Ne13,
Bungi,Ne14,ojw
Hidatsa,Ne15,hid
Karankawa,Ne16,zkk
Kiowa,Ne17,kio
Piegan,Ne18,
Plains Cree,Ne19,crk
Kiowa Apache,Ne2,apk
Ngulu,Ad51,ngp
Santee,Ne20,dak
Coahuilteco,Ne21,xcw
Comanche,Ne3,com
Crow,Ne4,cro
Cheyenne,Ne5,chy
Mandan,Ne6,mhq
Sarcee,Ne7,srs
Teton,Ne8,lkt
Arapaho,Ne9,arp
Nyakyusa,Ad6,
Iowa,Nf10,
Otoe,Nf11,
Ponca,Nf12,
Shawnee,Nf13,sjw
Caddo,Nf14,cad
Kickapoo,Nf15,kic
Ho Chunk,Nf2,win
Omaha,Nf3,
Myaamia,Nf4,mia
Wichita,Nf5,wic
Ganda,Ad7,lug
Pawnee,Nf6,paw
Fox,Nf7,sac
Hasinai,Nf8,cad
Menominee,Nf9,mez
Huron,Ng1,wya
Seneca,Ng10,see
Yuchi,Ng11,yuc
Choctaw,Ng12,cho
Abenaki,Ng13,
Chickasaw,Ng14,cic
Hehe,Ad8,heh
Chitimacha,Ng15,ctm
Seminole,Ng2,mik
Muscogee,Ng3,mus
Penobscot,Ng4,
Cherokee,Ng5,chr
Delaware,Ng6,dep
Natchez,Ng7,ncz
Timucua,Ng8,tjm
Catawba,Ng9,chc
Chiricahua,Nh1,apm
Gisu,Ad9,myx
Isleta,Nh10,tix
San Ildefonso,Nh11,
Santa Ana,Nh12,
Acoma,Nh13,
Laguna,Nh14,
Mescalero,Nh15,apm
Jicarilla,Nh16,apj
Western Apache,Nh17,apw
Hopi,Nh18,hop
Cocopa,Nh19,coc
Amba,Ae1,rwm
Hano,Nh2,
Kamia,Nh20,
Mojave,Nh21,mov
Quechan,Nh22,yum
Kewyipaya,Nh23,
Lipan Apache,Nh24,apl
Sia,Nh25,
Santa Clara,Nh26,
Kewa,Nh27,
Navajo,Nh3,nav
Banyaruanda,Ae10,kin
Zuni,Nh4,zun
Maricopa,Nh5,mrc
Taos,Nh6,
Cochiti,Nh7,
Jemez,Nh8,tow
Picuris,Nh9,
Tarahumara,Ni1,tar
Tohono O'odham,Ni2,
Huichol,Ni3,hch
Seri,Ni4,sei
Songola,Ae11,sod
Chichimeca,Ni5,pei
Pima,Ni6,
Yaqui,Ni7,yaq
Opata,Ni8,opt
TepehuÌÁn,Ni9,ntp
Chinantec,Nj1,csa
Zapotec,Nj10,zpu
Huastec,Nj11,hus
Mixtec,Nj12,mxa
OtomÌ_,Nj13,ote
Zulu,Ab12,zul
Duala,Ae12,dua
Tequistlatec,Nj14,chd
Aztec,Nj2,nci
Sierra Popoluca,Nj3,poi
Totonac,Nj4,tos
Mazateco,Nj5,mau
Huave,Nj6,huv
Mixe,Nj7,mir
Tarasco,Nj8,tsz
Tlaxcalans,Nj9,nhn
Guna,Sa1,kvn
Bashi,Ae13,shr
Lacandon,Sa10,lac
Kaqchikel,Sa11,cak
Lenca,Sa12,
K'iche',Sa13,quc
NgÌ_be,Sa14,gym
Jakaltek,Sa15,jac
Tolupan,Sa16,jic
Poqomam,Sa17,poc
Tzeltal,Sa2,tzh
Ch'orti',Sa3,caa
Ha,Ae14,haq
EmberÌÁ,Sa4,emp
Bribri,Sa5,bzd
Yucatec Maya,Sa6,yua
Garifuna,Sa7,cab
Mam,Sa8,mam
Miskito,Sa9,miq
Callinago,Sb1,
CÌÁgaba,Sb2,kog
BarÌ_ (Motilon),Sb3,mot
CariÌ±a,Sb4,car
Hunde,Ae15,hke
Paraujano,Sb5,pbg
Wayuu,Sb6,guc
Yupa,Sb7,yup
TaÌ_no,Sb8,tnq
Haitians,Sb9,hat
Warao,Sc1,wba
Lokono,Sc10,arw
Camaracoto,Sc11,
Macushi,Sc12,mbc
Panare,Sc13,pbh
Lulua,Ae16,lua
Rucuyen,Sc14,way
TaulÌ_pang,Sc15,
Ye'kuana,Sc16,mch
Piapoco,Sc17,pio
Ndyuka,Sc18,djk
PumÌ©,Sc2,yae
Barama River Carib,Sc3,
Guahibo,Sc4,guh
Wapishana,Sc5,wap
Saramaccan,Sc6,srm
Rega,Ae17,lea
Yabarana,Sc7,yar
Piaroa,Sc8,pid
Curripaco,Sc9,kpc
Munduruku,Sd1,myu
TapirapÌ©,Sd2,taf
Palikur,Sd3,plu
Guaica,Sd4,wca
SaterÌ© MawÌ©,Sd5,mav
Shiriana,Sd6,shb
Wai-wai,Sd7,waw
Songye,Ae18,sop
Sanema,Sd8,xsu
Yanomami,Sd9,guu
SirionÌ_,Se1,srq
Cocama,Se10,cod
ChÌÁcobo,Se11,cao
Tucano,Se12,tuo
Ticuna,Se2,tca
Shuar,Se3,jiv
Yagua,Se4,yad
Cubeo,Se5,cub
Garanganze,Ae19,sng
Witoto,Se6,huu
Camba,Se7,cax
Amahuaca,Se8,amc
Shipibo-Conibo,Se9,shp
Inca,Sf1,quz
Aymara,Sf2,ayr
Chachi,Sf3,cbi
U'wa,Sf4,tuf
PÌÁez,Sf5,pbb
Muisca,Sf6,chb
Kpe,Ae2,bri
AshÌÁninka,Sf7,cni
Piro,Sf8,pib
Uru,Sf9,ure
Yahgan,Sg1,yag
Mapuche,Sg2,arn
Ona,Sg3,ona
Tehuelche,Sg4,teh
Alacaluf,Sg5,alc
WichÌ_,Sh1,wlv
Terena,Sh2,ter
Ekonda,Ae20,
AbipÌ_n,Sh3,axb
KadiwÌ©u,Sh4,kbc
Choroti,Sh5,crq
Chamacoco,Sh6,ceg
GuaranÌ_,Sh7,gui
Toba,Sh8,tob
Lengua,Sh9,leg
Bororo,Si1,bor
Kuikuru,Si10,kui
Trumai,Si2,tpy
Tswana,Ab13,tsn
Kela,Ae21,kel
Bacairi,Si3,bkq
Nambikwara,Si4,nab
KamayurÌÁ,Si5,kay
GuatÌ_,Si6,gta
Paresi,Si7,pab
Umotina,Si8,umo
Aweti,Si9,awe
CarajÌÁ,Sj1,kpj
Cayua,Sj10,gun
Shavante,Sj11,xav
Kutsu,Ae22,ksv
Sherente,Sj2,xer
Aweikoma,Sj3,xok
Canela,Sj4,ram
AimorÌ©,Sj5,kqq
Tenetehara,Sj6,tqb
Apinaye,Sj7,apn
TupinambÌÁ,Sj8,tpn
Kayapo,Sj9,acs
Lalia,Ae23,lal
Mongo,Ae24,
Tetela,Ae25,tll
Topoke,Ae26,pof
Lokele,Ae27,khy
Ngala,Ae28,lin
Poto,Ae29,lse
Fang,Ae3,fan
Lovedu,Ab14,
Bira,Ae30,bip
Budu,Ae31,buu
Kumu,Ae32,kmw
Ndaka Babali,Ae33,bcp
Plains Bira,Ae34,brf
Rumbi,Ae35,lmi
Bombesa,Ae36,zms
Budja,Ae37,bja
Ndoko,Ae38,
Ngombe,Ae39,
Pedi,Ab15,
Nkundo,Ae4,
Dzem,Ae40,njy
Kota,Ae41,koq
Ngumba,Ae42,nmg
Sanga,Ae43,bmw
Bubi,Ae44,bvb
Kundu,Ae45,bdu
Mpongwe,Ae46,mye
Puku,Ae47,bnm
Bafia,Ae48,ksf
Lenge,Ab16,
Bali Nyonga,Ae49,mhk
Bamileke,Ae5,fmp
Bamum,Ae50,bax
Banen,Ae51,tvu
Fungom,Ae52,bfm
Koko,Ae53,bkh
Kom,Ae54,bkm
Ndob,Ae55,
Nsaw,Ae56,lns
Nsungli,Ae57,lmp
Ndau,Ab17,ndc
Tikar,Ae58,
Widikum,Ae59,mgo
Luba,Ae6,lub
Baboa,Ae7,bko
Rundi,Ae8,run
Fut,Ae9,bfd
Fon,Af1,fon
Igbo,Af10,ibo
Toma,Af11,tod
Akyem,Af12,
Shona,Ab18,sna
Ebira,Af13,igb
Sherbro,Af14,bun
Kpelle,Af15,xpe
Banyang,Af16,ken
Boki,Af17,bky
Ekoi,Af18,etu
Efik,Af19,efi
Kissi,Af2,kqs
Ibibio,Af20,ibb
Ijaw,Af21,ijn
Dorobo,Aa2,oki
Ambo,Ab19,ndo
Itsekiri,Af22,its
Afikpo,Af23,
Edo,Af24,bin
Isoko,Af25,iso
Kukuruku,Af26,ets
Eloyi,Af27,afo
Gbagyi,Af28,gby
Idoma,Af29,idu
Ashanti,Af3,
Igala,Af30,igl
Swazi,Ab2,ssw
Koro,Af31,ahs
Egba,Af32,
Ekiti,Af33,
Ife,Af34,ife
Adangme,Af35,ada
Ewe,Af36,
Buem,Af37,akp
Abron,Af38,abr
Anyi,Af39,any
Yako,Af4,yaz
Ngumbi,Ab20,khu
Assini,Af40,abu
Attie,Af41,ati
Fante,Af42,
Ga,Af43,gaa
Alagya,Af44,ald
Avikam,Af45,avi
Bakwe,Af46,bjw
Krahn,Af47,krw
Kru,Af48,klu
Sapo,Af49,krn
Kisama,Ab21a,smd
Mende,Af5,men
Dan,Af50,
Gagu,Af51,ggu
Guro,Af52,goa
Tura,Af53,neb
Gbande,Af54,bza
Gola,Af55,gol
Ngere,Af56,daf
Temne,Af57,tem
Vai,Af58,vai
Bomvana,Ab21b,
Oyo Yoruba,Af6,
Bete,Af7,bet
Nupe,Af8,nup
Baule,Af9,bci
Bambara,Ag1,bam
Konkomba,Ag10,xon
Lobi,Ag11,lob
Nankanse,Ag12,
Kasena,Ag13,xsm
Baga,Ag14,bgo
Chopi,Ab22,
Balanta,Ag15,ble
Banyun,Ag16,bab
Biafada,Ag17,bif
Bijogo,Ag18,bjg
Diola,Ag19,dyo
Mossi (Yatenga),Ag2,mos
Papel,Ag20,pbo
Bassari,Ag21,bsc
Serer,Ag22,srr
Kasonke,Ag23,kao
Lozi,Ab3,loz
Koranko,Ag24,knk
Soninke,Ag25,snk
Susu,Ag26,sus
Diula,Ag27,dyu
Nononke,Ag28,bze
Samo,Ag29,sbd
Dogon,Ag3,dbw
Bobo,Ag30,bbo
Minianka,Ag31,myk
Senufo,Ag32,sef
Tsonga,Ab4,tso
Dyan,Ag33,dya
Dorosie,Ag34,dos
Kulango,Ag35,nku
Lowiili,Ag36,bfo
Awuna,Ag37,
Builsa,Ag38,bwu
Dagara,Ag39,dga
Tallensi,Ag4,
Isala,Ag40,sil
Kusasi,Ag41,kus
Mbundu,Ab5,umb
Nunuma,Ag42,nnw
Vagala,Ag43,vag
Dagomba,Ag44,dag
Gurma,Ag45,gux
Manprusi,Ag46,maw
Mossi (Ouagadougou),Ag47,mos
Basari,Ag48,bud
Kabre,Ag49,kbp
Birifor,Ag5,biv
Moba,Ag50,mfq
Venda,Ab6,ven
Somba,Ag51,tbz
Tem,Ag52,kdh
Bisa,Ag53,bib
Yalunka,Ag54,yal
Futajalonke,Ag6,fuf
Bozo,Ag7,boz
Coniagui,Ag8,cou
Malinke,Ag9,mlq
Katab,Ah1,
Chawai,Ah10,cch
Nama,Aa3,
Nyaneka,Ab7,nyk
Basa,Ah11,bzw
Basakomo,Ah12,bzw
Dakakari,Ah13,dri
Kamuku,Ah14,cdr
Reshe,Ah15,res
Angas,Ah16,anc
Birom,Ah17,bom
Burmawa,Ah18,bux
Adara,Ah19,kad
Jukun,Ah2,jbu
Sotho,Ab8,sot
Kagoro,Ah20,
Kurama,Ah21,krh
Yergum,Ah22,yer
Jibu,Ah23,jib
Kentu,Ah24,ich
Tigon,Ah25,nza
Ndoro,Ah26,ndr
Zuande,Ah27,brt
Chamba,Ah28,ndi
Daka,Ah29,ccg
Ndebele,Ab9,nde
Tiv,Ah3,tiv
Longuda,Ah30,lnu
Mumuye,Ah31,mzm
Vere,Ah32,ver
Yungur,Ah33,vor
Bata,Ah34,bta
Bura,Ah35,bwr
Gude,Ah36,gde
Hwana,Ah37,hwo
Kapsiki,Ah38,kvj
Ila,Ac1,ilb
Podokwo,Ah39,pbi
Mambila,Ah4,mcu
Margi,Ah5,mrt
Gure,Ah6,grh
Mafa,Ah7,maf
Bafute,Ah8,vut
Anaguta,Ah9,nar
Banda,Ai1,bbp
Otoro,Ai10,otr
Mangbetu,Ai11,
Chewa,Ac10,
Fali,Ai12,fll
Laka,Ai13,lak
Mbum,Ai14,mdd
Mundang,Ai15,mua
Namshi,Ai16,dow
Gisiga,Ai17,giz
Kotoko,Ai18,kot
Musgu,Ai19,mug
Nyaro,Ai2,fuj
Tupuri,Ai20,tui
Luvale,Ac11,lue
Bagirmi,Ai21,bmi
Sara,Ai22,mwm
Bwaka,Ai23,nbm
Mandja,Ai24,mzv
Mbandja,Ai25,zmz
Ngbandi,Ai26,ngb
Abarambo,Ai27,brm
Popoi,Ai28,
Lendu,Ai29,led
Azande,Ai3,zne
Chokwe,Ac12,cjk
Lese,Ai30,les
Logo,Ai31,log
Lugbara,Ai32,lgg
Madi,Ai33,mhi
Moru,Ai34,mgd
Bongo,Ai35,bot
Jur,Ai36,bex
Koalib,Ai37,kib
Korongo,Ai38,kgo
Mesakin,Ai39,jle
Tonga,Ac13,tog
Ingassana,Ai4,tbi
Moro,Ai40,mor
Tira,Ai41,tic
Tullishi,Ai42,tey
Nyimang,Ai43,nyi
Anuak,Ai44,anu
Meban,Ai45,mfz
Koma,Ai46,xom
Mao,Ai47,hoz
Mamvu,Ai5,mdi
Bakongo,Ac14,kwy
Shilluk,Ai6,shk
Gbaya,Ai7,gya
Dilling,Ai8,dil
Masa,Ai9,mcn
Teso,Aj1,teo
Acholi,Aj10,
Dinka,Aj11,dik
Lotuko,Aj12,lot
Pojulu,Aj13,
Kakwa,Aj14,keo
Mbala,Ac15,mdp
Kuku,Aj15,
Mondari,Aj16,mqu
Alur,Aj17,alz
Bodi,Aj18,mym
Didinga,Aj19,did
Maasi,Aj2,mas
Suri,Aj20,suq
Jie,Aj21,
Labwor,Aj22,
Plains Suk,Aj23,
Bergdama,Aa4,
Mitsogho,Ac16,tsv
Toposa,Aj24,toq
Keyu,Aj25,eyo
Hill Suk,Aj26,
Sapei,Aj27,kpz
Tatoga,Aj28,tcc
Samburu,Aj29,saq
Nuer,Aj3,nus
Karamojong,Aj30,
Pari,Aj31,lkr
Lango,Aj4,laj
Suku,Ac17,sub
Turkana,Aj5,tuv
Luo,Aj6,luo
Nandi,Aj7,niq
Bari,Aj8,
Kipsigis,Aj9,sgc
Konso,Ca1,kxc
Esa,Ca10,
Arusi,Ca11,gax
Gibe,Ca12,kqy
Macha,Ca13,gaz
Sundi,Ac18,sdj
Burji,Ca14,bji
Darasa,Ca15,drs
Sidama,Ca16,sid
Tsamai,Ca17,tsb
Arbore,Ca18,arv
Banna,Ca19,amf
Somali,Ca2,
Galab,Ca20,dsh
Hamar,Ca21,amf
Male,Ca22,mdy
Teke,Ac19,ebo
Bako,Ca23,aiw
Dime,Ca24,dim
Shangama,Ca25,aiw
Ubamer,Ca26,aiw
Anfillo,Ca27,myo
Basketo,Ca28,bst
Yem,Ca29,
Tigrinya,Ca3,tir
Kafa,Ca30,kbr
Beta Israel,Ca31,ahg
Pende,Ac2,pem
Nara,Ca32,nrb
Kunama,Ca33,kun
Ababda,Ca34,
Amarar,Ca35,
Beni-Amer,Ca36,
Blin,Ca37,byn
Tigre,Ca38,
Jimma,Ca39,
Iraqw,Ca4,irk
Baditu,Ca40,kqy
Yaka,Ac20,yaf
Dorse,Ca41,doz
Shako,Ca42,she
Hadendowa,Ca43,
Bisharin,Ca5,
Afar,Ca6,aar
Amhara,Ca7,amh
Gurage,Ca8,sgw
Goroa,Ca9,gow
Maguzawa,Cb1,
Karekare,Cb10,kai
Bunda,Ac21,zmp
Midobi,Cb11,mei
Gimma,Cb12,
Habbaniya,Cb13,
Hemat,Cb14,
Messiria Humr,Cb15,
Shuwa,Cb16,
Fur,Cb17,fvr
Kanembu,Cb18,kbl
Kanuri,Cb19,kby
Wolof,Cb2,wol
Dzing,Ac22,diz
Zerma,Cb20,dje
Djafun,Cb21,fub
Liptako,Cb22,fuh
Tukulor,Cb23,fuc
Wodaabe Fulani,Cb24,
Tazarawa,Cb25,hau
Zazzagawa Hausa,Cb26,
Bachama,Cb27,bcy
Dera,Cb28,kna
Ngizim,Cb29,ngi
Lele,Ac23,lel
Songhai,Cb3,hmb
Hasania,Cb4,
Buduma,Cb5,bdm
Tera,Cb6,ttr
Bolewa,Cb7,bol
Bororo Fulani,Cb8,
Hausa Kanawa,Cb9,
Regeibat,Cc1,mey
Asben,Cc10,
Azjer,Cc11,
Sakata,Ac24,skt
Ifora,Cc12,
Udalan Tuareg,Cc13,
Daza,Cc14,dzg
Drawa,Cc15,
Chaambra,Cc16,
Delim,Cc17,mey
Kunta,Cc18,mey
Trarza,Cc19,mey
Teda,Cc2,tuq
Zenaga,Cc20,zen
Mbuti,Aa5,kzy
Songo,Ac25,soo
Siwans,Cc3,siz
Mzab,Cc4,mzb
Kel Antessar,Cc5,
Kababish,Cc6,
Barabish,Cc7,mey
Aulliminden,Cc8,
Tuareg Ahaggar,Cc9,
Barabra,Cd1,kzh
Zekara,Cd10,tia
Guanche,Cd11,gnc
Yanzi,Ac26,yns
Algerians,Cd12,
Hamama,Cd13,
Hamyan,Cd14,
Jebala,Cd15,
Moroccans,Cd16,
Nail,Cd17,
Saadi,Cd18,aec
Sahel,Cd19,
Egyptians,Cd2,arz
Sanusi,Cd20,ayl
Luchazi,Ac27,lch
Tunisians,Cd21,
Riffians,Cd3,rif
Kabyle,Cd4,kab
Shluh,Cd5,
Ancient Egyptians,Cd6,egy
Beraber,Cd7,tzm
Shawiya,Cd8,shy
Tekna,Cd9,mey
Gheg,Ce1,aln
Portuguese,Ce2,
Luimbe,Ac28,lum
Ancient Romans,Ce3,lat
French Basques,Ce4,
Neapolitans,Ce5,nap
Spaniards,Ce6,spa
Greeks,Ce7,ell
Spanish Basques,Ce8,
New Englanders,Cf1,eng
Boers,Cf2,afr
Tristan da Cunha,Cf3,eng
Brazilians,Cf4,
Luwa,Ac29,shc
French Canadians,Cf5,fra
Dutch,Cg1,nld
Icelanders,Cg2,isl
Irish,Cg3,gle
Sami,Cg4,smj
Walloons,Cg5,wln
Serbs,Ch1,srp
Romanians,Ch10,
Russians,Ch11,rus
Bashkir,ch12,bak
Bemba,Ac3,
Besermyan,ch13,
Chuvash,ch14,chv
Erzya Mordvins,ch15,myv
Estonians,ch16,est
Gagauz,ch17,gag
Ingrians,ch18,izh
Karelians,ch19,olo
Hutsuls,Ch2,
Kazan tatar,ch20,
Latvians,ch21,lav
Plateau Tonga,Ac30,toi
Lithuanian Karaim,ch22,kdr
Lithuanian Tatar,ch23,
Livs,ch24,liv
Moldovans,ch25,
Udmurt,ch26,
Veps,ch27,vep
Votes,ch28,vot
Czechs,Ch3,ces
Mari,Ch4,mhr
Bulgarians,Ch5,bul
Buye,Ac31,byi
Byelorussians,Ch6,bel
Ukranians,Ch7,
Magyar,Ch8,hun
Lithuanians,Ch9,lit
Kalmyk,Ci1,xal
Armenians,Ci10,hye
Kurd,Ci11,ckb
Abkhaz,Ci12,abk
Khevsur,Ci2,
Kumyk,Ci3,kum
Kaonde,Ac32,kqn
Cherkess,Ci4,kbd
Turks,Ci5,tur
Ossetians,Ci6,oss
Chechen,Ci7,che
Georgians,Ci8,
Svan,Ci9,sva
Syrians,Cj1,
Madan,Cj10,acm
Rwala,Cj2,
Hebrews,Cj3,heb
Lala,Ac33,leb
Babylonians,Cj4,tmr
Mutair,Cj5,
Jordanians,Cj6,ajp
Lebanese,Cj7,
Druze,Cj8,
Yemeni,Cj9,ayn
Sindhi,Ea1,snd
Marri,Ea10,bgp
Ghilzai,Ea11,
Qashqui,Ea12,qxq
Sandawe,Aa6,sad
Luapula,Ac34,
Punjabi,Ea13,pan
Yusufzai,Ea2,
Hazara,Ea3,haz
Kohistani,Ea4,mvy
Nuristani,Ea5,xvi
Basseri,Ea6,
Moghol,Ea7,mhj
Bakhtiari,Ea8,bqi
Iranians,Ea9,
Kazakh,Eb1,kaz
Shila,Ac35,
Tu,Eb2,mjg
Khalka,Eb3,khk
Dagur,Eb4,dta
Turkmen,Eb5,tuk
Buryat,Eb6,bxr
Chahar,Eb7,mvf
Uzbek,Eb8,uzn
Nivkh,Ec1,niv
Ob Ostyak,Ec10,kca
Selkup,Ec11,sel
Tumbuka,Ac36,tum
Nganasan,ec12,nio
Itelmen,ec13,itl
Ungazikmit,ec14,
Mansi,ec15,mns
Evenk,ec16,evn
Negidal,ec17,neg
Ulch,ec18,ulc
Orok,ec19,oaa
Yakut,Ec2,sah
Oroch,ec20,oac
Kunda,Ac37,kdn
Udihe,ec21,ude
Chukchi,Ec3,ckt
Yurak-Samoyeds,Ec4,yrk
Koryak,Ec5,kpy
Yukaghir,Ec6,ykg
Ainu,Ec7,ain
Ket,Ec8,ket
Nanai,Ec9,gld
Koreans,Ed1,kor
Shantung,Ed10,cmn
Nyanja,Ac38,
Ishigakians,Ed13,rys
Man,Ed14,mji
Miyakans,Ed15a,mvi
Chekiang,Ed15b,wuu
Cantonese,Ed16,yue
Lolo,Ed2,iii
Manchu,Ed3,mnc
Miao,Ed4,hea
Japanese,Ed5,jpn
Min Chinese,Ed6,nan
Nyasa,Ac39,mgs
Okinawans,Ed7,ryu
Minchia,Ed8,bca
Li,Ed9,lic
Adi,Ee1,adi
Burusho,Ee2,bsk
Lepcha,Ee3,lep
Tibetans,Ee4,bod
Shina,Ee5,scl
Sherpa,Ee6,xsr
Kachari,Ee7,xac
Kuba,Ac4,buf
Magar,Ee8,mgp
Santal,Ef1,sat
Bihari,Ef10,mai
Uttar Pradesh,Ef11,bho
Bengali,Ef2,ben
Indo-Iranian,Ef3,san
Ho,Ef4,hoc
Bhil,Ef5,bhb
Kurukh,Ef6,kru
Pahari,Ef7,bfz
Sena,Ac40,seh
Kashmiri,Ef8,kas
Gujarati,Ef9,guj
Chenchu,Eg1,cde
Telugu,Eg10,tel
Koya,Eg11,kff
Khond,Eg12,kxu
Muria Gond,Eg13,gno
Reddi,Eg14,mmk
Tamil,Eg2,tam
Madia,Eg3,daq
Makonde,Ac41,kde
Toda,Eg4,tcx
Kodavas,Eg5,kfa
Kerala,Eg6,
Hill Bhuiya,Eg7,ori
Kol,Eg8,unr
Baiga,Eg9,hne
Andamanese,Eh1,apq
Betsileo,Eh10,
Merina,Eh2,
Tanala,Eh3,
Makua,Ac42,vmw
Vedda,Eh4,ved
Sinhalese,Eh6,sin
Antandroy,Eh7,tdx
Sakalava,Eh8,skg
Antaisaka,Eh9,tkg
Garo,Ei1,grt
Chakma,Ei10,ccp
Aimol,Ei11,aim
Thado,Ei12,tcz
Naron,Aa7,nhr
Mambwe,Ac43,mgr
Angami,Ei13,njm
Ao,Ei14,njo
Rengma,Ei15,nre
Sema,Ei16,nsm
Karbi,Ei17,mjw
Palaung,Ei18,pll
Chin,Ei19,sez
Lhota,Ei2,njh
Kuki,Ei20,lus
Burmese,Ei3,mya
Lamba,Ac5,lam
Maras,Ei4,mrh
Kachin,Ei5,kac
Purum,Ei6,pub
Karen,Ei7,pwo
Khasi,Ei8,kha
Mogh,Ei9,rki
Lamet,Ej1,lbn
Rade,Ej10,rad
Cham,Ej11,cjm
Lawa,Ej12,lcp
Ndembu,Ac6,lun
Muong,Ej13,mtq
Senoi,Ej14,sea
Ancient Khmer,Ej15,
Negri Sembilan,Ej16,zmi
Mnong Gar,Ej2,mng
Semang,Ej3,kns
Annamese,Ej4,vie
Khmer,Ej5,
Moken,Ej6,mwt
Akha,Ej7,ahk
Yao,Ac7,yao
Malays,Ej8,zlm
Thai,Ej9,tha
Atayal,Ia1,tay
Bunun,Ia10,bnn
Puyuma,Ia11,pyu
Sugbuanon,Ia12,ceb
Badjau Tawi-Tawi,Ia13,ssb
Tao,Ia14,tao
Manobo,Ia15,mbb
Kalinga,Ia16,knb
Yombe,Ac8,yom
Bilaan,Ia17,bpr
Bisayan,Ia18,akl
Sagada,Ia2,xnn
Ifugao,Ia3,ifb
Subanun,Ia4,syb
Hanunoo,Ia5,hnn
Paiwan,Ia6,pwn
Tagbanua,Ia7,tbw
Bontok,Ia8,lbk
Ami,Ia9,ami
Ngoni,Ac9,ngo
Iban,Ib1,iba
Javanese,Ib2,jav
Balinese,Ib3,ban
Toba Batak,Ib4,bbc
Kadazan-Dusun,Ib5,dtp
Minangkabau,Ib6,min
Mentaweians,Ib7,mwv
Anak Dalam,Ib8,kvb
Punan,Ib9,pna
Macassarese,Ic1,mak
Bajuni,Ad1,
Tobelorese,Ic10,tlb
Ambonese,Ic11,abs
Sumbawanese,Ic12,smw
Kodi,Ic13,kod
Alorese,Ic2,aol
Belu,Ic3,tet
Rotinese,Ic4,twu
Toradja,Ic5,sda
Tanimbarese,Ic6,slu
Ili-Mandiri,Ic7,slp
Shambaa,Ad10,ksb
Kei,Ic8,kei
Sumbanese,Ic9,xbr
Northern Aranda,Id1,aer
Walbiri,Id10,wbp
Gidjingali,Id11,
Yir Yoront,Id12,yyr
Anindilyagwa,Id13,aoi
"Yolngu, Dhuwal",Id2,duj
Tiwi,Id3,tiw
Diyari,Id4,dif
Bena,Ad11,bez
Kariyarra,Id5,vka
Wikmunkan,Id6,wim
Murriny Patha,Id7,mwf
Tasmanians (northwestern),Id8,
Ngiyambaa,Id9,wyb
Mee,Ie1,ekg
Motu,Ie10,meu
Kakoli,Ie11,ubu
Kwoma,Ie12,kmo
Kiwai,Ie13,kjd
Gusii,Ad12,guz
Abelam,Ie15,abt
Kutubu,Ie16,foi
Siane,Ie17,snp
Kimam,Ie18,kig
Marind-Amin,Ie19,mrz
Wantoat,Ie2,wnc
Koita,Ie20,kqi
Mailu,Ie21,mgu
Mekeo,Ie22,mek
/Xam,Aa8,xam
Kiga,Ad13,cgg
Muju,Ie23,kts
Koiari,Ie24,kbk
Mafulu,Ie25,fuy
Ngarawapum,Ie26,adz
Banaro,Ie27,byz
Busama,Ie28,buk
Manam,Ie29,mva
Arapesh,Ie3,aon
Mimika,Ie30,kgq
Fore,Ie31,for
Luguru,Ad14,ruf
Sio,Ie32,xsi
Soromadja,Ie33,kwe
Bgu,Ie34,bpg
Iatmul,Ie35,ian
Samarokena,Ie36,tmj
Star Mountain,Ie37,szb
Dani,Ie38,dnt
Elema,Ie39,oro
Wogeo,Ie4,woc
Keraki,Ie5,ncm
Iwa,Ad15,mwn
Waropen,Ie6,wrp
Enga,Ie7,enq
Purari,Ie8,iar
Orokaiva,Ie9,okv
Palauans,If1,pau
Kosraeans,If11,kos
Nauruans,If13,nau
Makin,If14,
Ngonde,Ad16,
Carolinians,If15,cal
Marshallese,If17,
Trukese,If2,chk
Majuro,If3,
Ifaluk,If4,
Ponapeans,If5,pon
Yapese,If6,yap
Gilbert Onotoa,If7,
Chamorro,If8,cha
Safwa,Ad17,sbk
Ulithians,If9,uli
Siuai,Ig1,siw
Usiai,Ig10,lle
Rossel Islanders,Ig11,yle
Choiseulese,Ig12,tva
Aua,Ig13,wuv
Dahuni,Ig14,swp
Bakovi,Ig15,bnp
Bwaidoga,Ig16,bwd
Kombe,Ig17,wiv
Bende,Ad18,bdp
Kwaio,Ig18,kwd
Molima,Ig19,mox
Trobriands,Ig2,kij
Kaoka,Ig20,lgu
Tangu,Ig21,tgu
Kurtatchi,Ig3,tpz
Lesu,Ig4,ncf
Dobuans,Ig5,dob
Ulawans,Ig6,apb
Lakalai,Ig7,nak
Fipa,Ad19,fip
Simboese,Ig8,sbb
Manus,Ig9,ttv
Mota,Ih1,mtt
Tannese,Ih10,nwi
Epi,Ih11,lmu
Eromangans,Ih12,erg
Ranon,Ih13,mmg
Mbau Fijians,Ih14,
Seniang,Ih2,sns
Bunlap,Ih3,sax
Nyoro,Ad2,nyo
Lau,Ih4,llx
Ajie,Ih5,aji
Rotumans,Ih6,rtm
Lifu,Ih7,dhv
Vanua Levu,Ih8,
Santa Cruz Islanders,Ih9,ntu
American Samoans,Ii1,smo
Rennell Islanders,Ii10,mnv
Tongans,Ii12,ton
Uveans,Ii13,wls
Nyamwezi,Ad20,nym
Upolu Samoans,Ii14,smo
Pukapukans,Ii3,pkp
Ellice,Ii4,tvl
Tokelau,Ii6,tkl
Kapingamarangi,Ii7,kpg
Futunans,Ii8,fud
Niueans,Ii9,niu
Mangaians,Ij1,rar
Pimbwe,Ad21,piw
Tongarevans,Ij10,pnh
M€Åori,Ij2,mri
Marquesans,Ij3,mrq
Manihikians,Ij4,rkh
Hawaiians,Ij6,haw
Mangarevans,Ij7,mrv
Tahitians,Ij8,tah
Easter Islanders,Ij9,rap
Hadza,Aa9,hts
Sukuma,Ad22,suk
Sangu,Ad23,sbp
Gogo,Ad24,gog
Rangi,Ad25,lag
Turu,Ad26,rim
Kwere,Ad27,cwe
Zigula,Ad28,ziw
Hadimu,Ad29,
Chagga,Ad3,old
Digo,Ad30,dig
Wadatkuht,Nd26,
Spring Valley Shoshoni,Nd39,